{
    "id": "gallery",
    "name": "Gallery",
    "description": "Adds galleries to Spaces and profiles.",
    "keywords": ["gallery", "photo", "organisation"],
    "version": "1.2.2",
    "humhub": {
        "minVersion": "1.7"
    },
    "homepage": "https://github.com/humhub-contrib/gallery",
    "authors": [
        {
            "name": "Sebastian Stumpf"
        },
        {
            "name": "Lucas Bartholemy"
        },
        {
            "name": "Julian Harrer"
        }

    ],
    "screenshots": [
        "assets/screen1.PNG",
        "assets/screen2.PNG",
        "assets/screen3.PNG",
        "assets/screen4.PNG",
        "assets/screen5.PNG",
        "assets/screen6.PNG"
    ]
}